old	new	scope	decl_files
aad_und_nonce	aad_and_nonce	global	./lib/wlan/ccmp.fi
ab_zeile	from_line	global	./kernel/kgui.fi
abi_wert	abi_value	global	./kernel/ksym.fi
ablage_bild	clipboard_image	global	./kernel/user/snip.fi
ablage_tun	clipboard_do	global	./kernel/user/explorer.fi
ablage_zahl	clipboard_num	global	./kernel/user/expakt.fi
absturz_zeilen	crash_lines	global	./kernel/kgui.fi
adresse_lesen	addr_read	global	./kernel/app/jarvisd.fi
adresse_setzen	addr_set	global	./lib/wlan/geraet.fi
akm_setzen	akm_set	global	./lib/wlan/verbinden.fi
aktuell_setzen	current_set	global	./kernel/user/opk.fi
alle_pruefen	all_check	global	./kernel/user/du.fi
alles	all	global	./kernel/user/dispctl.fi
alles_malen	all_paint	global	./kernel/user/desktop.fi
alt_key	old_key	global	./kernel/kbd.fi
anbieter_lesen	provider_read	global	./kernel/user/settings.fi
anim_aus	anim_off	global	./kernel/wm.fi
ansicht_frisch	view_refresh	global	./kernel/user/explorer.fi
ansicht_setzen	view_set	global	./kernel/user/explorer.fi
anspruch_lesen	claim_read	global	./kernel/app/anb_xoffi.fi
ansprueche_pruefen	claims_check	global	./kernel/app/anb_xoffi.fi
antw_frei	reply_free	global	./kernel/app/knetz.fi
antw_neu	reply_new	global	./kernel/app/knetz.fi
antwort_kopf	reply_header	global	./kernel/user/dnswt.fi
antwort_lesen	reply_read	global	./kernel/app/anb_xoffi.fi
archiv_aus	archive_unpack	global	./kernel/user/opk.fi
archiv_lesen	archive_read	global	./kernel/user/zip.fi
arg_zaehlen	arg_count	global	./kernel/app/jarvisd.fi
ata_fehler	ata_error	global	./kernel/blk.fi
ata_letzte_lba	ata_last_lba	global	./kernel/blk.fi
aus	off	file	./kernel/serial.fi;./kernel/user/zip.fi
aus_frequenz	off_freq	global	./lib/wlan/kanal.fi
aus_huelle	off_envelope	global	./kernel/user/kbund.fi
aus_index	off_index	global	./kernel/user/du.fi
auswahl_liste	select_list	global	./kernel/user/explorer.fi
b64u_wert	b64u_value	global	./kernel/app/kjson.fi
badentry_zahl	badentry_num	global	./kernel/proc.fi
balken	bar	global	./kernel/user/power.fi
band_von_frequenz	band_from_freq	global	./lib/wlan/kanal.fi
bar_zeilen	bar_lines	global	./kernel/grafik.fi
baue_baum	build_tree	global	./kernel/user/explorer.fi
baue_kopf	build_header	global	./kernel/user/fas.fi
baue_links	build_left	global	./kernel/user/speicher.fi
baue_pfad	build_path	global	./kernel/user/fsrv.fi
baue_rechts	build_right	global	./kernel/user/speicher.fi
baue_tabelle	build_table	global	./kernel/user/explorer.fi
baum_bauen	tree_build	global	./kernel/user/jpeg.fi
baum_gehen	tree_walk	file	./kernel/user/explorer.fi;./kernel/user/sync.fi
befehl_abmelden	cmd_logout	global	./kernel/app/konto.fi
befehl_anbieterliste	cmd_providerlist	global	./kernel/app/konto.fi
befehl_anmelden	cmd_login	global	./kernel/app/konto.fi
befehl_liste	cmd_list	global	./kernel/app/konto.fi
befehl_status	cmd_status	global	./kernel/app/konto.fi
befehl_uebergabe	cmd_handover	global	./kernel/app/konto.fi
beginn	begin	global	./lib/wlan/zustand.fi
bench_zeile	bench_line	global	./kernel/kgui.fi
bereit	ready	file	./kernel/user/fuib.fi;./lib/wlan/geraet.fi
beschnitt_aus	clip_off	global	./kernel/vektor.fi
beschnitt_pfad	clip_path	global	./kernel/vektor.fi
beschnitt_pfad_aus	clip_path_off	global	./kernel/vektor.fi
beschnitt_setzen	clip_set	global	./kernel/vektor.fi
bild	image	global	./kernel/user/wlib.fi
bild_anpassen	image_fit	global	./kernel/user/wlib.fi
bild_aus_da	img_out_present	global	./kernel/user/wlib.fi
bild_aus_weg	img_out_gone	global	./kernel/user/wlib.fi
bild_aus_x0	img_out_x0	global	./kernel/user/wlib.fi
bild_aus_x1	img_out_x1	global	./kernel/user/wlib.fi
bild_aus_y0	img_out_y0	global	./kernel/user/wlib.fi
bild_aus_y1	img_out_y1	global	./kernel/user/wlib.fi
bild_bh	image_bh	global	./kernel/user/wlib.fi
bild_bw	image_bw	global	./kernel/user/wlib.fi
bild_dreh_von	image_rot_from	global	./kernel/user/wlib.fi
bild_drehen	image_rotate	global	./kernel/user/wlib.fi
bild_h	image_h	global	./kernel/user/wlib.fi
bild_holen	image_get	global	./kernel/user/expdlg.fi
bild_laden	image_load	global	./kernel/user/desktop.fi
bild_malen	image_paint	global	./kernel/user/wlib.fi
bild_ox	image_ox	global	./kernel/user/wlib.fi
bild_oy	image_oy	global	./kernel/user/wlib.fi
bild_px	image_px	global	./kernel/user/wlib.fi
bild_py	image_py	global	./kernel/user/wlib.fi
bild_schieben	image_pan	global	./kernel/user/wlib.fi
bild_set_zoom	image_set_zoom	global	./kernel/user/wlib.fi
bild_setzen	image_set	global	./kernel/user/wlib.fi
bild_w	image_w	global	./kernel/user/wlib.fi
bild_werkzeug	image_tool	global	./kernel/user/wlib.fi
bild_zoom	image_zoom	global	./kernel/user/wlib.fi
bits_zu_f32	bits_to_f32	global	./kernel/app/wasm.fi
bits_zu_f64	bits_to_f64	global	./kernel/app/wasm.fi
block_auf	block_open	global	./kernel/user/sync.fi
block_ende	block_end	global	./kernel/app/wasm.fi
block_ende_schnell	block_end_fast	global	./kernel/app/wasm.fi
block_oeffnen	block_open	global	./lib/sync/kette.fi
bmp_lesen	bmp_read	global	./kernel/user/bild.fi
bool_zahl	bool_num	global	./kernel/kgui.fi
breit	wide	global	./kernel/user/marke_start.fi
breite	width	file	./kernel/user/bild.fi;./kernel/user/jpeg.fi;./kernel/vektor.fi
breite_zahl	width_num	global	./kernel/user/fsrw.fi
bruecke_aus	bridge_off	global	./kernel/user/settings.fi
bruecke_lesen	bridge_read	global	./kernel/user/settings.fi
buehne_aus	stage_clear	global	./kernel/wig.fi
buehne_wenn_geteilt	stage_if_split	global	./kernel/wig.fi
buehne_wenn_sperre	stage_if_lock	global	./kernel/wig.fi
bund_aus_haupt	bundle_off_main	global	./lib/sync/kette.fi
bund_gleich	bundle_eq	global	./lib/sync/kette.fi
bund_loeschen	bundle_delete	global	./lib/sync/kette.fi
bund_pruefen	bundle_check	global	./kernel/user/kbund.fi
cache_fehler	cache_error	global	./kernel/vektor.fi
cache_suchen	cache_find	global	./kernel/vektor.fi
cap_box_dick	cap_box_thick	global	./kernel/wm.fi
ccmp_kopf_bauen	ccmp_header_build	global	./lib/wlan/ccmp.fi
chat_oeffnen	chat_open	global	./kernel/user/freunde.fi
cmd_liste	cmd_list	global	./kernel/user/opk.fi
cmd_pruefen	cmd_check	global	./kernel/user/opk.fi
cmd_suchen	cmd_find	global	./kernel/user/ota.fi
cmd_zeigen	cmd_show	global	./kernel/user/ota.fi
cmd_zurueck	cmd_back	file	./kernel/user/opk.fi;./kernel/user/ota.fi
code_lesen	code_read	file	./kernel/app/wasm.fi;./lib/sync/kette.fi
code_schreiben	code_write	global	./lib/sync/kette.fi
conf_ja	conf_yes	global	./kernel/user/settings.fi
conf_laden	conf_load	global	./kernel/user/ota.fi
conf_lesen	conf_read	file	./kernel/user/launcher.fi;./kernel/user/praesenz.fi
conf_wert	conf_value	global	./kernel/user/ota.fi
conf_zahl	conf_num	global	./kernel/user/ota.fi
darf_aktiv_suchen	may_active_find	global	./lib/wlan/kanal.fi
das_lesen	it_read	global	./kernel/user/aiot.fi
das_schreiben	it_write	global	./kernel/user/aiot.fi
data_lesen	data_read	global	./kernel/app/wasm.fi
datei_her	file_fetch	global	./kernel/user/sync.fi
datei_kopieren	file_copy	global	./kernel/user/settings.fi
datei_lesen	file_read	file	./kernel/user/expdlg.fi;./kernel/user/opk.fi;./kernel/user/ota.fi;./kernel/user/settings.fi;./kernel/user/viewer.fi
datei_of	file_of	global	./kernel/user/appdir.fi
datei_schreiben	file_write	file	./kernel/user/opk.fi;./kernel/user/ota.fi;./kernel/user/settings.fi
datei_schreiben_0600	file_write_0600	global	./kernel/app/ksiegel.fi
datei_zeigen	file_show	global	./kernel/user/jarvisctl.fi
datei_zeile	file_line	global	./kernel/user/sync.fi
dateiname	filename	global	./kernel/absturz.fi
deco_titel	deco_title	global	./kernel/wm.fi
die_datei	the_file	global	./kernel/user/aiot.fi
dio_voll	dio_full	global	./kernel/user/nidx.fi
dirs_machen	dirs_make	global	./kernel/user/zip.fi
disp_eigen	disp_own	global	./kernel/kgui.fi
drag_typ_pfad	drag_type_path	global	./kernel/user/ulib.fi
drag_weg	drag_drop	file	./kernel/user/ulib.fi;./kernel/user/wlib.fi;./kernel/user/wlibc.fi
draht_neu	wire_new	global	./kernel/app/jarvisd.fi
draht_neu_https	wire_new_https	global	./kernel/app/jarvisd.fi
draht_weg	wire_gone	global	./kernel/app/jarvisd.fi
draht_zeile	wire_line	global	./kernel/app/jarvisd.fi
druck_setzen	print_set	global	./kernel/user/qs.fi
ecke_bogen	corner_arc	global	./kernel/vektor.fi
eig_groesse	own_size	global	./kernel/user/expdlg.fi
eig_zeilen	own_lines	global	./kernel/user/expdlg.fi
eigenschaften_zeigen	props_show	global	./kernel/user/explorer.fi
ein_status	in_status	global	./kernel/app/konto.fi
eine_datei	one_file	global	./kernel/user/appdir.fi
einfuegen_gross	paste_big	global	./kernel/user/speicher.fi
einfuegen_tun	paste_do	global	./kernel/user/explorer.fi
eingabe_gesehen	input_seen	global	./kernel/wm.fi
eingabe_puls	input_pulse	global	./kernel/kgui.fi
einlesen	read	global	./kernel/modul.fi
einst_holen	setting_get	global	./kernel/user/sync.fi
einst_suchen	setting_find	global	./kernel/user/sync.fi
eintrag	entry	file	./kernel/user/exporte.fi;./kernel/user/fsck.fi;./kernel/user/zip.fi;./module/ps2maus-fremd.fi;./module/ps2maus.fi
eintrag_anzahl	entry_count	global	./lib/wlan/usbchip.fi
eintrag_pid	entry_pid	global	./lib/wlan/usbchip.fi
eintrag_vid	entry_vid	global	./lib/wlan/usbchip.fi
element_lesen	elem_read	global	./kernel/app/wasm.fi
elf_legen	elf_place	global	./kernel/modul.fi
ende	end	file	./kernel/r3d.fi;./kernel/r3dsoft.fi;./kernel/user/papierkorb.fi
endet_auf	ends_with	file	./kernel/user/expdlg.fi;./kernel/user/explorer.fi;./kernel/user/expmodell.fi;./kernel/user/sync.fi
endet_auf_info	ends_with_info	global	./kernel/user/korb.fi
endet_auf_osp	ends_with_osp	global	./kernel/user/appdir.fi
eng_machen	tight_make	global	./kernel/app/jarvisd.fi
eocd_suchen	eocd_find	global	./kernel/user/zip.fi
erp_lesen	erp_read	global	./kernel/user/opk.fi
erp_schreiben	erp_write	global	./kernel/user/opk.fi
erp_zahl	erp_num	global	./kernel/user/opk.fi
erste	first	global	./kernel/zeiger.fi
erste_auswahl	first_select	global	./kernel/user/explorer.fi
erste_iface	first_iface	global	./kernel/usb.fi
etsi_regel	etsi_rule	global	./lib/wlan/kanal.fi
ex_zurueck	ex_back	global	./kernel/user/rechner.fi
export_lesen	export_read	global	./kernel/app/wasm.fi
f32_zu_bits	f32_to_bits	global	./kernel/app/wasm.fi
f64_zu_bits	f64_to_bits	global	./kernel/app/wasm.fi
familie_name_holen	family_name_get	global	./lib/wlan/usbchip.fi
farbe_an	color_on	global	./kernel/r3dsoft.fi
farbe_bei	color_at	global	./kernel/user/desktop.fi
fassung_lesen	version_read	global	./kernel/user/ota.fi
fassung_schreiben	version_write	global	./kernel/user/ota.fi
fat32_anlegen	fat32_create	global	./kernel/user/install.fi
fat_groesse	fat_size	global	./kernel/user/install.fi
fehl_bool	fail_bool	file	./kernel/app/anb_eigen.fi;./kernel/app/anb_jarvis.fi;./kernel/app/anb_xoffi.fi;./kernel/app/jarvisd.fi
fehl_conn	fail_conn	global	./kernel/app/jarvisd.fi
fehl_len	fail_len	global	./kernel/app/jarvisd.fi
fehler	err	file	./kernel/user/bild.fi;./kernel/user/install.fi;./kernel/user/jpeg.fi;./kernel/user/opk.fi;./kernel/user/ota.fi
fehler_schluessel	error_key	global	./kernel/user/expakt.fi
fehler_zeigen	error_show	global	./kernel/user/explorer.fi
feld	field	file	./kernel/app/kjson.fi;./kernel/user/ota.fi
feld_frei	field_free	global	./kernel/app/kjson.fi
feld_gleich	field_eq	file	./kernel/user/appdir.fi;./kernel/user/locate.fi
feld_holen	field_get	global	./kernel/app/kspeicher.fi
feld_ohne_text	field_without_text	global	./kernel/user/taskbar.fi
feld_zahl	field_num	global	./kernel/user/settings.fi
fest_schreiben	commit_write	file	./kernel/ab.fi;./kernel/dispsave.fi;./kernel/user/opk.fi;./kernel/user/ota.fi
find_wort	find_word	global	./kernel/kmain.fi
flaeche	area	file	./kernel/r3dtest.fi;./kernel/user/fuib.fi;./kernel/user/wlib.fi
folge	seq	file	./kernel/fs.fi;./lib/wlan/rahmen.fi
fortschritt_aus	progress_off	global	./kernel/user/dateiop.fi
foto_datei	photo_file	global	./kernel/app/jarvisd.fi
foto_ueber_kern	photo_over_kernel	global	./kernel/app/jarvisd.fi
frage	ask	global	./lib/libc/dns.fi
frage_bauen	ask_build	global	./kernel/user/dnswt.fi
frage_stellen	ask	global	./kernel/user/taskmgr.fi
frei	free	global	./kernel/fs.fi
frei_dt	free_dt	global	./kernel/fs.fi
freier_platz	free_space	global	./kernel/modul.fi
fremdes_fenster	foreign_window	global	./kernel/user/snip.fi
freund_setzen	peer_set	global	./kernel/user/freunde.fi
frist_lesen	deadline_read	global	./kernel/user/settings.fi
fui_abgelehnt	fui_rejected	global	./kernel/user/fuib.fi
fui_gemalt	fui_painted	global	./kernel/user/fuib.fi
fui_gruende	fui_reasons	global	./kernel/user/fuib.fi
fund_neu	found_new	global	./kernel/usb.fi
funktion_lesen	func_read	global	./kernel/app/wasm.fi
fx_von_ganz	fx_from_int	global	./kernel/r3d.fi
fx_von_ganz_s	fx_from_int_s	global	./kernel/r3dsoft.fi
fx_zu_ganz	fx_to_int	global	./kernel/r3d.fi
fx_zu_ganz_s	fx_to_int_s	global	./kernel/r3dsoft.fi
ganz	int	global	./kernel/app/kjson.fi
ganz_leeren	int_clear	global	./kernel/user/speicher.fi
geben	give	global	./kernel/user/tresor.fi
gehe_zu	goto_to	global	./kernel/user/explorer.fi
geheim_lesen	secret_read	global	./kernel/app/konto.fi
geheim_oeffnen	secret_open	global	./lib/sync/kette.fi
gen_pfad	gen_path	global	./kernel/user/opk.fi
gesendet_holen	sent_get	global	./lib/wlan/pruefgeraet.fi
gleich	eq	file	./kernel/app/anbieter.fi;./kernel/app/jarvisd.fi;./kernel/app/kgegen.fi;./kernel/app/konto.fi;./kernel/ksym.fi;./kernel/user/k17.fi;./kernel/user/nidx.fi
global_lesen	global_read	global	./kernel/app/wasm.fi
gpe_block_aus	gpe_block_off	global	./kernel/hw.fi
gpu_zeile	gpu_line	global	./kernel/grafik.fi
gpu_zeilen	gpu_lines	global	./kernel/grafik.fi
grace_bereit	grace_ready	file	./kernel/gfx-aus.fi;./kernel/gfx.fi;./kernel/kgui.fi
grace_kalt	grace_cold	file	./kernel/gfx-aus.fi;./kernel/gfx.fi;./kernel/kgui.fi
graph_wert	graph_value	global	./kernel/user/wlib.fi
grenze_setzen	limit_set	global	./kernel/acpi.fi
groesse	size	file	./kernel/user/ota.fi;./kernel/zeiger.fi
groesse_at	size_at	global	./kernel/user/expmodell.fi
groesse_rekursiv	size_recursive	global	./kernel/user/dateiop.fi
groesse_von	size_from	file	./kernel/user/fas.fi;./kernel/user/korb.fi
gross_lesen	big_read	global	./kernel/user/speicher.fi
grund	reason	file	./kernel/user/host.fi;./kernel/user/viewer.fi
grund_lesen	reason_read	global	./kernel/user/settings.fi
grund_von	reason_from	global	./lib/wlan/verbinden.fi
grund_zeigen	reason_show	global	./kernel/user/dispctl.fi
gs_bereit	gs_ready	global	./kernel/sched.fi
gs_fehler	gs_error	global	./kernel/sched.fi
gs_luege_setzen	gs_lie_set	global	./kernel/sched.fi
gs_pruefen	gs_check	global	./kernel/sched.fi
gtk_finden	gtk_find	global	./lib/wlan/wpa.fi
guid_eigen	guid_own	global	./kernel/user/install.fi
h_gleich	h_eq	global	./kernel/uprog.fi
halt_sek	halt_secs	global	./kernel/kgui.fi
halten	hold	global	./kernel/r3dtest.fi
handle_fremd	handle_foreign	global	./kernel/kmain.fi
hb_leer	hb_empty	global	./kernel/kmain.fi
herz	beat	global	./kernel/fb.fi
herz_hellzahl	beat_brightnum	global	./kernel/kgui.fi
herz_leds	beat_leds	global	./kernel/usb.fi
herz_tick	beat_tick	file	./kernel/gfx-aus.fi;./kernel/gfx.fi;./kernel/kgui.fi
herz_x	beat_x	global	./kernel/fb.fi
herz_y	beat_y	global	./kernel/fb.fi
herz_zahl	beat_num	global	./kernel/kgui.fi
hex_aus	hex_out	file	./kernel/app/jarvisd.fi;./kernel/user/kbund.fi
hex_ein	hex_in	global	./kernel/user/kbund.fi
hex_lesen	hex_read	file	./kernel/app/anb_eigen.fi;./kernel/user/ota.fi
hex_wert	hex_value	global	./kernel/app/anb_eigen.fi
hoch	up	file	./kernel/hidin.fi;./kernel/user/nidx.fi
hoehe	height	file	./kernel/user/bild.fi;./kernel/user/jpeg.fi;./kernel/vektor.fi
hover_marke	hover_brand	global	./kernel/user/taskbar.fi
hover_setzen	hover_set	global	./kernel/user/qs.fi
http_bitte	http_request	global	./kernel/app/jarvisd.fi
http_rumpf_ab	http_body_from	global	./kernel/app/jarvisd.fi
huelle_lesen	envelope_read	global	./lib/sync/kette.fi
huelle_schreiben	envelope_write	global	./lib/sync/kette.fi
identitaet_setzen	identity_set	global	./lib/wlan/verbinden.fi
ie_beginn	ie_begin	global	./lib/wlan/rahmen.fi
ie_weiter	ie_next	global	./lib/wlan/rahmen.fi
im_eigenen_baum	in_own_tree	global	./kernel/user/explorer.fi
import_lesen	import_read	global	./kernel/app/wasm.fi
in_liste	in_list	global	./kernel/app/jarvisd.fi
in_sich	self_contained	global	./kernel/user/expakt.fi
index_zeile	index_line	global	./kernel/user/opk.fi
info_lesen	info_read	global	./kernel/user/korb.fi
info_schreiben	info_write	global	./kernel/user/korb.fi
info_zu_lang	info_to_lang	global	./kernel/user/appdir.fi
ip_lesen	ip_read	global	./kernel/user/settings.fi
irq_aus	irq_ack	global	./kernel/ttf.fi
ist_bild	is_image	global	./kernel/user/wlib.fi
ist_bild_pub	is_image_pub	global	./kernel/user/wlib.fi
ist_leiste	is_taskbar	global	./kernel/sysgui.fi
ist_punkt	is_point	global	./kernel/user/expmodell.fi
ist_verzeichnis	is_dir	global	./kernel/user/dateiop.fi
ix_laden	ix_load	global	./kernel/user/sync.fi
ix_schreiben	ix_write	global	./kernel/user/sync.fi
ja	yes	global	./kernel/xhci.fi
ja_ist	yes_is	global	./kernel/app/jarvisd.fi
jetzt	now	file	./kernel/app/anb_eigen.fi;./kernel/app/konto.fi;./kernel/fs.fi;./kernel/user/tresor.fi
jetzt_ms	now_ms	file	./kernel/app/jarvisd.fi;./kernel/user/login.fi
jetzt_s	now_s	global	./kernel/app/jarvisd.fi
jetzt_sekunden	now_secs	global	./kernel/app/knetz.fi
jetzt_us	now_us	global	./kernel/user/play.fi
jpeg_lesen	jpeg_read	global	./kernel/user/jpeg.fi
k_nach_t	k_to_t	global	./kernel/user/rechner.fi
kanal_dreh	swap_rb	global	./kernel/user/fuib.fi
kanal_setzen	channel_set	global	./lib/wlan/geraet.fi
kanarie_heil	canary_intact	global	./tools/haertung/kanarie.fi
kanarie_setzen	canary_set	global	./tools/haertung/kanarie.fi
kante	edge	file	./kernel/r3dsoft.fi;./kernel/vektor.fi
karte_lesen	map_read	global	./kernel/user/settings.fi
katalog_datei	catalog_file	global	./kernel/app/kmsg.fi
kb_neu	kb_new	global	./kernel/user/kbund.fi
kb_oeffnen	kb_open	global	./kernel/user/kbund.fi
kb_oeffnen_code	kb_open_code	global	./kernel/user/kbund.fi
kb_ziel	kb_target	global	./kernel/user/kbund.fi
kb_zu	kb_close	global	./kernel/user/kbund.fi
keks_wenn_kaputt	cookie_if_broken	global	./kernel/app/anb_xoffi.fi
kette_gehen	chain_walk	global	./kernel/user/ota.fi
kette_schreiben	chain_write	global	./kernel/app/kjson.fi
kgen_lesen	kgen_read	global	./kernel/user/ota.fi
kgen_schreiben	kgen_write	global	./kernel/user/ota.fi
kinder_lesen	children_read	global	./kernel/user/speicher.fi
klein	small	global	./kernel/app/knetz.fi
knopf	button	global	./kernel/hidin.fi
knopf_zaehlen	button_count	global	./kernel/hidin.fi
konf_lesen	conf_read	file	./kernel/app/jarvisd.fi;./kernel/app/konto.fi
konf_merken	conf_remember	global	./kernel/user/settings.fi
konflikt_antwort	conflict_reply	file	./kernel/user/expakt.fi;./kernel/user/explorer.fi
konflikt_pfad	conflict_path	global	./kernel/user/expakt.fi
konflikt_zeigen	conflict_show	global	./kernel/user/explorer.fi
konten_lesen	accounts_read	global	./kernel/user/settings.fi
konto_datei	account_file	global	./kernel/user/sync.fi
konto_feld	account_field	global	./kernel/user/settings.fi
konto_lesen	account_read	global	./kernel/app/kspeicher.fi
konto_neu	account_new	global	./kernel/app/kspeicher.fi
konto_setzen	account_set	global	./kernel/app/kspeicher.fi
konto_suchen	account_find	global	./kernel/app/kspeicher.fi
konto_zeigen	account_show	global	./kernel/user/settings.fi
kontrast_zeigen	contrast_show	global	./kernel/user/settings.fi
kopf	header	file	./kernel/absturz.fi;./kernel/user/install.fi
kopf_bauen	header_build	file	./kernel/user/papierkorb.fi;./kernel/user/snip.fi;./kernel/user/viewer.fi
kopf_finden	header_find	global	./kernel/app/knetz.fi
kopf_laenge	header_len	global	./lib/wlan/rahmen.fi
kopf_line	header_line	global	./kernel/xhci.fi
kopf_lokal	header_local	global	./kernel/user/zip.fi
kopf_malen	header_paint	global	./kernel/kgui.fi
kopf_schreiben	header_write	global	./kernel/user/kbund.fi
kopf_setzen	header_set	global	./kernel/kgui.fi
kopf_zeile_sagen	header_line_say	global	./kernel/kgui.fi
kopf_zentral	header_center	global	./kernel/user/zip.fi
kopiere_baum	copy_tree	global	./kernel/user/dateiop.fi
kopiere_bis_null	copy_until_null	global	./kernel/user/settings.fi
kopieren	copy	file	./kernel/modul.fi;./kernel/user/korb.fi
kopieren_merken	copy_remember	global	./kernel/user/expakt.fi
kreuz_add	cross_add	global	./kernel/vektor.fi
kreuz_punkt	cross_point	global	./kernel/wm.fi
krume_pfad	crumb_path	global	./kernel/user/exporte.fi
krume_zahl	crumb_num	global	./kernel/user/exporte.fi
kspur_sagen	ktrace_say	global	./kernel/arch/x86_64/trap.fi
kstack_wieder	kstack_again	global	./kernel/sched.fi
kstapel_hoch	kstack_up	global	./kernel/kgui.fi
kurve	curve	global	./kernel/user/taskmgr.fi
kurz	short	global	./kernel/marke.fi
kurz_n	short_n	global	./kernel/marke.fi
kurz_warten	short_wait	global	./kernel/power.fi
laden	load	file	./kernel/app/kmsg.fi;./kernel/modul.fi;./kernel/user/korb.fi;./kernel/user/viewer.fi
laenge	len	file	./kernel/fassung.fi;./kernel/user/opk.fi;./kernel/user/ota.fi
laenge_von	len_from	global	./kernel/marke.fi
lang_aus_conf	lang_off_conf	global	./kernel/app/kmsg.fi
lang_aus_datei	lang_off_file	global	./kernel/app/kmsg.fi
langsam	slow	global	./kernel/handle.fi
launcher_fenster	launcher_window	global	./kernel/user/taskbar.fi
leer	empty	global	./kernel/app/anbieter.fi
leer_empfangen	empty_recv	global	./lib/wlan/geraet.fi
leer_kanal	empty_channel	global	./lib/wlan/geraet.fi
leer_ruecken	empty_push	global	./kernel/app/anbieter.fi
leer_schluessel	empty_key	global	./lib/wlan/geraet.fi
leer_senden	empty_send	global	./lib/wlan/geraet.fi
legen	place	global	./kernel/user/tresor.fi
leinwand	canvas	global	./kernel/user/wlib.fi
leinwand_anstehend	canvas_pending	global	./kernel/user/wlib.fi
leinwand_ereignis	canvas_event	global	./kernel/user/wlib.fi
leinwand_neu	canvas_new	global	./kernel/user/wlib.fi
leinwand_neu_teil	canvas_new_part	global	./kernel/user/wlib.fi
leinwand_setzen	canvas_set	global	./kernel/user/wlib.fi
leiste_zustand	taskbar_state	global	./kernel/kgui.fi
lesen	read	file	./kernel/dispsave.fi;./kernel/user/dhcp.fi
lesen_ganz	read_int	global	./kernel/user/zip.fi
letzte_datei	last_file	global	./kernel/absturz.fi
letzte_helligkeit	last_brightness	global	./kernel/r3dsoft.fi
letzte_pruefung	last_check	global	./kernel/app/knetz.fi
letzter_fehler	last_error	global	./kernel/user/dateiop.fi
letzter_teil	last_part	global	./kernel/user/expakt.fi
lies_datei	read_file	global	./kernel/user/fas.fi
lies_feld	read_field	global	./kernel/app/kjson.fi
lies_kette	read_chain	global	./kernel/app/kjson.fi
lies_wert	read_value	global	./kernel/app/kjson.fi
lies_zahl	read_num	file	./kernel/app/kjson.fi;./kernel/user/fsrlim.fi;./kernel/user/fsrw.fi
limits_lesen	limits_read	global	./kernel/app/wasm.fi
linie	line	global	./kernel/vektor.fi
list_ein	list_in	global	./kernel/user/wlib.fi
liste	list	file	./kernel/user/fas.fi;./kernel/user/tresor.fi
liste_add	list_add	global	./kernel/user/expakt.fi
liste_at	list_at	global	./kernel/user/expakt.fi
liste_bauen	list_build	global	./kernel/user/freunde.fi
liste_dazu	list_add	global	./kernel/app/jarvisd.fi
liste_leeren	list_clear	global	./kernel/user/expakt.fi
liste_lesen	list_read	global	./kernel/app/kspeicher.fi
liste_pfad	list_path	global	./kernel/app/jarvisd.fi
liste_zahl	list_num	global	./kernel/user/expakt.fi
locale_setzen	locale_set	global	./kernel/kgui.fi
lock_frei	lock_free	global	./kernel/sys.fi
loeschen	delete	file	./kernel/ofsj.fi;./kernel/user/nidx.fi;./kernel/user/speicher.fi
loeschen_fragen	delete_ask	global	./kernel/user/explorer.fi
luecke_weg	gap_gone	global	./kernel/user/fas.fi
m_groesse	m_size	global	./kernel/user/explorer.fi
mal	draw	global	./kernel/user/fuib.fi
mal_abstand	draw_spacing	global	./kernel/user/wlib.fi
mal_ascent	draw_ascent	global	./kernel/user/wlib.fi
mal_balken	draw_bar	global	./kernel/user/wlib.fi
mal_flaeche	draw_area	global	./kernel/user/wlib.fi
mal_flaeche_an	draw_area_on	global	./kernel/user/fuib.fi
mal_kante3	draw_edge3	global	./kernel/user/wlib.fi
mal_linie	draw_line	global	./kernel/user/wlib.fi
mal_punkt	draw_point	global	./kernel/user/wlib.fi
mal_radius	draw_radius	global	./kernel/user/wlib.fi
mal_rahmen	draw_frame	global	./kernel/user/wlib.fi
mal_symbol	draw_icon	global	./kernel/user/wlib.fi
mal_tafel	draw_board	global	./kernel/user/wlib.fi
mal_text	draw_text	global	./kernel/user/wlib.fi
mal_text_w	draw_text_w	global	./kernel/user/wlib.fi
mal_trenner	draw_separator	global	./kernel/user/wlib.fi
man_hoch	man_up	global	./kernel/user/sync.fi
man_l_zeile	man_l_line	global	./kernel/user/sync.fi
man_neu_zeile	man_new_line	global	./kernel/user/sync.fi
man_runter	man_down	global	./kernel/user/sync.fi
marke_loeschen	brand_delete	global	./kernel/absturz.fi
marke_malen	brand_paint	global	./kernel/user/taskbar.fi
marke_malen_ok	brand_paint_ok	global	./kernel/user/taskbar.fi
marke_von_text	brand_from_text	global	./kernel/user/fas.fi
marke_weg	brand_gone	global	./kernel/user/absturz.fi
masse_bei_drehung	dims_at_rotation	global	./kernel/fb.fi
maus_melden	mouse_report	global	./kernel/hidin.fi
maus_taugt	mouse_works	global	./kernel/usb.fi
melde_fui	report_fui	global	./kernel/user/settings.fi
melde_zeit	report_time	global	./kernel/user/explorer.fi
meldung	message	global	./kernel/user/firun.fi
mem_anlegen	mem_create	global	./kernel/app/wasm.fi
menue_datei	menu_file	global	./kernel/user/rechner.fi
merk_pfad	remember_path	global	./kernel/user/sync.fi
merken	remember	global	./kernel/dispsave.fi
mess_breite	measure_width	global	./kernel/wm.fi
mess_grund	measure_reason	global	./kernel/wm.fi
mess_zeilen	measure_lines	global	./kernel/wm.fi
meta_wert	meta_value	global	./kernel/user/opk.fi
metric_ist_laenge	metric_is_len	global	./kernel/user/wlibc.fi
mic_pruefen	mic_check	global	./lib/wlan/wpa.fi
mic_rechnen	mic_compute	global	./lib/wlan/wpa.fi
mini_bereit	mini_ready	global	./kernel/user/expdlg.fi
mini_breite	mini_width	global	./kernel/user/expdlg.fi
mini_hoehe	mini_height	global	./kernel/user/expdlg.fi
mini_kante	mini_edge	global	./kernel/user/expdlg.fi
mini_laden	mini_load	global	./kernel/user/expdlg.fi
mini_machen	mini_make	global	./kernel/user/viewer.fi
mini_slot_breite	mini_slot_width	global	./kernel/user/expdlg.fi
mini_slot_hoehe	mini_slot_height	global	./kernel/user/expdlg.fi
mini_slot_laden	mini_slot_load	global	./kernel/user/expdlg.fi
modi_lesen	modes_read	global	./kernel/user/settings.fi
modi_zeigen	modes_show	global	./kernel/user/dispctl.fi
modul_laden	module_load	global	./kernel/app/wasm.fi
motion_aus	motion_off	global	./kernel/user/wlib.fi
nach	move_to	global	./kernel/vektor.fi
nach_leerzeichen	after_space	global	./kernel/app/jarvisd.fi
nach_wort	after_word	global	./kernel/user/kbund.fi
naechste_id	next_id	global	./kernel/user/korb.fi
naechste_nummer	next_number	global	./kernel/user/explorer.fi
naechstes_fenster	next_window	global	./kernel/wm.fi
name_gleich	name_eq	global	./kernel/app/wasm.fi
name_holen	name_get	global	./lib/wlan/usbchip.fi
namen_aus_index	names_off_index	global	./kernel/user/locate.fi
netz_lesen	net_read	global	./kernel/app/anb_eigen.fi
netz_ssid_holen	net_ssid_get	global	./lib/wlan/verbinden.fi
neu_knoten	new_node	global	./kernel/app/kjson.fi
neu_lesen	new_read	file	./kernel/user/explorer.fi;./kernel/user/papierkorb.fi;./kernel/user/speicher.fi
neu_setzen	new_set	global	./kernel/user/wlib.fi
neu_suchen	new_find	global	./kernel/user/launcher.fi
neue_datei	new_file	global	./kernel/user/expdlg.fi
neue_datei_fragen	new_file_ask	global	./kernel/user/explorer.fi
noti_neu	noti_new	file	./kernel/user/ulib.fi;./kernel/user/wlib.fi;./kernel/user/wlibc.fi
num_aus	num_out	global	./kernel/user/kbund.fi
num_ein	num_in	global	./kernel/user/kbund.fi
nur_erstes_gib	only_first_give	global	./kernel/acpi.fi
nv_lesen	nv_read	global	./kernel/user/settings.fi
oder_leer	or_empty	global	./kernel/user/appdir.fi
oeffnen	open	file	./kernel/app/ksiegel.fi;./kernel/user/explorer.fi;./kernel/user/viewer.fi
oeffnenmit_zahl	openwith_num	global	./kernel/user/expdlg.fi
oeffnenmit_zeigen	openwith_show	global	./kernel/user/explorer.fi
offen	open	file	./kernel/absturz.fi;./kernel/app/knetz.fi
ohne_luft	without_air	global	./kernel/user/rechner.fi
ohne_platz	without_space	global	./kernel/usb.fi
ohne_sig	without_sig	global	./kernel/wm.fi
oops_wort	oops_word	global	./kernel/user/fas.fi
opt_wort	opt_word	global	./kernel/user/settings.fi
ordner_her	folder_fetch	global	./kernel/user/sync.fi
ordner_lesen	folder_read	global	./kernel/user/viewer.fi
ordner_pruefen	folder_check	global	./kernel/app/anb_eigen.fi
ort	place	global	./kernel/user/papierkorb.fi
ort_gehen	place_walk	global	./kernel/user/explorer.fi
ort_ist_kopf	place_is_header	global	./kernel/user/exporte.fi
ort_ist_traeger	place_is_carrier	global	./kernel/user/exporte.fi
ort_pfad	place_path	global	./kernel/user/exporte.fi
ort_text	place_text	global	./kernel/user/exporte.fi
orte_zahl	places_num	global	./kernel/user/exporte.fi
pad_setzen	pad_set	global	./kernel/fb.fi
pad_wert	pad_value	global	./kernel/fb.fi
paint_bild	paint_image	global	./kernel/user/wlib.fi
paint_kurve	paint_curve	global	./kernel/user/wlib.fi
paint_leinwand	paint_canvas	global	./kernel/user/wlib.fi
paket_holen	packet_get	global	./kernel/user/ota.fi
paket_pruefen	packet_check	global	./kernel/user/opk.fi
paket_zahl	packet_num	global	./kernel/user/ota.fi
paket_zeile	packet_line	global	./kernel/user/ota.fi
passende_zahl	matching_num	global	./kernel/user/ota.fi
passt_eintrag	fits_entry	global	./kernel/app/jarvisd.fi
pde_bei	pde_at	global	./kernel/arch/x86_64/apic.fi
pfad	path	file	./kernel/dispsave.fi;./kernel/user/mut.fi
pfad_bauen	path_build	file	./kernel/app/anb_eigen.fi;./kernel/user/expmodell.fi
pfad_ersetzen	path_replace	global	./kernel/user/sync.fi
pfad_holen	path_get	global	./kernel/app/wasm.fi
pfad_kanten	path_edges	global	./kernel/vektor.fi
pfad_konten	path_accounts	global	./kernel/app/kspeicher.fi
pfad_neu	path_new	global	./kernel/vektor.fi
pfad_punkte	path_points	global	./kernel/vektor.fi
pfad_sauber	path_clean	global	./kernel/app/jarvisd.fi
pfad_von	path_from	file	./kernel/user/korb.fi;./kernel/user/sync.fi
pin_unter	pin_under	global	./kernel/user/taskbar.fi
pin_ziel	pin_target	global	./kernel/user/taskbar.fi
plan_lesen	plan_read	global	./kernel/user/opk.fi
plan_schreiben	plan_write	global	./kernel/user/opk.fi
plan_setzen	plan_set	global	./kernel/user/opk.fi
plan_zeile	plan_line	global	./kernel/user/opk.fi
plan_zeilen	plan_lines	global	./kernel/user/opk.fi
platte_zeigen	disk_show	global	./kernel/user/install.fi
platz	space	file	./kernel/app/anbieter.fi;./kernel/modtab.fi
pm_lesen	pm_read	global	./kernel/arch/x86_64/apic.fi
pmk_aus_passwort	pmk_off_password	global	./lib/wlan/wpa.fi
pmk_setzen	pmk_set	global	./lib/wlan/verbinden.fi
pn_aus_kopf	pn_off_header	global	./lib/wlan/ccmp.fi
png_datei	png_file	global	./kernel/user/bild.fi
png_lesen	png_read	global	./kernel/user/bild.fi
png_schreiben	png_write	global	./kernel/user/bild.fi
png_stueck	png_chunk	global	./kernel/app/jarvisd.fi
potenz2_ueber	pow2_over	global	./kernel/user/fas.fi
ppm_ueber_kern	ppm_over_kernel	global	./kernel/app/jarvisd.fi
proj_setzen	proj_set	global	./kernel/r3dsoft.fi
pruef_new	check_new	global	./lib/wlan/pruefgeraet.fi
pruefbild_kopf	testimage_header	global	./kernel/kgui.fi
pruefe_datei	check_file	global	./kernel/user/fsrv.fi
pruefen	check	file	./kernel/app/anb_eigen.fi;./kernel/app/anb_jarvis.fi;./kernel/app/anb_xoffi.fi
pruefen_und_legen	check_and_place	global	./kernel/modul.fi
pubkey_zeigen	pubkey_show	global	./kernel/user/vpn.fi
puffer_gleich	buffer_eq	global	./kernel/app/kspeicher.fi
puffer_zeile	buffer_line	global	./kernel/grafik.fi
puls_zahl	pulse_num	global	./kernel/kgui.fi
puls_zwei	pulse_two	global	./kernel/kgui.fi
punkt	point	file	./kernel/user/absturz.fi;./kernel/user/dateiop.fi;./kernel/user/explorer.fi;./kernel/user/freunde.fi;./kernel/user/marke_start.fi;./kernel/user/nidx.fi;./kernel/user/zip.fi;./kernel/vektor.fi
punkt_mal_matrix	point_draw_matrix	global	./kernel/r3dsoft.fi
punkt_sagen	point_say	global	./kernel/user/viewer.fi
quelle_zeile	source_line	global	./kernel/grafik.fi
r3blind_setzen	r3blind_set	global	./kernel/sched.fi
race_bereit	race_ready	global	./kernel/wig.fi
race_zeichen	race_char	global	./kernel/wig.fi
race_zeile	race_line	global	./kernel/wig.fi
rahmen_bauen	frame_build	global	./kernel/user/praesenz.fi
rand_a	margin_a	global	./kernel/zeiger.fi
rand_zeiger	margin_cursor	global	./kernel/wm.fi
read_ziel	read_target	global	./kernel/user/init.fi
rechnen	compute	global	./kernel/user/rechner.fi
regel_new	rule_new	global	./lib/wlan/kanal.fi
resolv_schreiben	resolv_write	global	./kernel/user/dhcp.fi
richte_aus	align_off	global	./kernel/user/fas.fi
ring3_alle_setzen	ring3_all_set	global	./kernel/sched.fi
ring3_fremd	ring3_foreign	global	./kernel/sched.fi
riss_oben	tear_top	global	./kernel/wm.fi
riss_unten	tear_bottom	global	./kernel/wm.fi
roh_merken	raw_remember	global	./kernel/usb.fi
rsdp_aus_karte	rsdp_off_map	global	./kernel/acpi.fi
ruecken	push	file	./kernel/app/anb_eigen.fi;./kernel/app/anb_jarvis.fi;./kernel/app/anb_xoffi.fi
ruecken_anmelden	push_login	global	./kernel/app/konto.fi
rueckgaengig_tun	undo_do	global	./kernel/user/explorer.fi
rumpf_lesen	body_read	global	./kernel/app/anb_jarvis.fi
rumpf_versatz	body_offset	global	./lib/wlan/rahmen.fi
sag_grund	say_reason	global	./kernel/user/firun.fi
sag_wenn_laut	say_if_loud	global	./kernel/app/jarvisd.fi
sag_zahl	say_num	global	./kernel/app/jarvisd.fi
sag_zeit	say_time	global	./kernel/user/ls.fi
sagen	say	file	./kernel/app/konto.fi;./kernel/user/k16.fi
sagen_i	say_i	global	./kernel/user/k16.fi
sagen_text	say_text	global	./kernel/user/k16.fi
satz_zeiger	record_cursor	global	./kernel/user/dnswt.fi
save_lesen	save_read	global	./kernel/user/settings.fi
say_addr_kurz	say_addr_short	global	./kernel/ksymtab.fi
say_ziel	say_target	global	./kernel/user/init.fi
scan_speicher	scan_mem	global	./kernel/user/explorer.fi
schein_pruefen	cert_check	global	./kernel/app/jarvisd.fi
schema_pfad	schema_path	global	./kernel/user/settings.fi
schemas_lesen	schemas_read	global	./kernel/user/settings.fi
schirm	screen	global	./kernel/app/jarvisd.fi
schirm_masse	screen_dims	global	./kernel/user/snip.fi
schlecht_conn	bad_conn	global	./kernel/app/knetz.fi
schlecht_len	bad_len	global	./kernel/app/knetz.fi
schliessen	close	global	./lib/libc/dns.fi
schluessel_holen	key_get	file	./kernel/app/ksiegel.fi;./kernel/user/opk.fi;./kernel/user/ota.fi;./lib/wlan/pruefgeraet.fi
schluessel_setzen	key_set	global	./lib/wlan/geraet.fi
schluss	end	global	./kernel/user/zip.fi
schon_versucht	already_tried	global	./kernel/hda.fi
schreib_alles	write_all	global	./kernel/user/fas.fi
schreib_bei	write_at	global	./kernel/user/fsrlim.fi
schreiben	write	file	./kernel/dispsave.fi;./kernel/user/log.fi;./kernel/user/proxy.fi
schreiber_neu	writer_new	global	./kernel/app/kjson.fi
schwanz_zeigen	tail_show	global	./kernel/user/jarvisctl.fi
seite	page	global	./kernel/fb.fi
sel_rahmen	sel_frame	global	./kernel/user/wlib.fi
sel_zahl	sel_num	global	./kernel/user/wlib.fi
selbst	self	file	./kernel/user/reboot.fi;./kernel/user/shutdown.fi
set_aus	set_off	global	./kernel/serial.fi
set_vor_step	set_before_step	global	./kernel/wm.fi
set_vor_t0	set_before_t0	global	./kernel/wm.fi
set_vor_win	set_before_win	global	./kernel/wm.fi
setz_ecke	set_corner	global	./kernel/r3dtest.fi
setz_groesse	set_size	global	./kernel/user/wlib.fi
setze_band	set_band	global	./lib/wlan/beacon.fi
setze_zahl	set_num	file	./kernel/user/fsrv.fi;./kernel/user/fsrw.fi
setzen	set	file	./kernel/app/kgegen.fi;./kernel/user/praesenz.fi
shadow_wert	shadow_value	global	./kernel/user/wlibc.fi
show_ziel	show_target	global	./kernel/user/svc.fi
sicher_loeschen	secure_delete	global	./kernel/app/ksiegel.fi
sichern	save	file	./kernel/user/explorer.fi;./kernel/user/snip.fi
sichern_fragen	save_ask	global	./kernel/user/explorer.fi
sig_mit	sig_with	global	./kernel/user/ota.fi
signatur_holen	signature_get	global	./kernel/user/opk.fi
sitkey_holen	sitkey_get	global	./kernel/user/tresor.fi
sitzung_frei	session_free	global	./kernel/app/anbieter.fi
sitzung_laden	session_load	global	./kernel/app/kspeicher.fi
sitzung_lesen	session_read	global	./kernel/user/tresor.fi
sitzung_loeschen	session_delete	global	./kernel/app/kspeicher.fi
sitzung_neu	session_new	global	./kernel/app/anbieter.fi
sitzung_pfad	session_path	global	./kernel/app/kspeicher.fi
sitzung_schreiben	session_write	global	./kernel/user/tresor.fi
sort_spalte	sort_column	global	./kernel/user/expmodell.fi
sp_pfad	sp_path	global	./kernel/user/sync.fi
spalte_breit	column_wide	global	./kernel/user/wlib.fi
spalten_setzen	columns_set	file	./kernel/user/explorer.fi;./kernel/user/settings.fi
sperr_laden	lock_load	global	./kernel/user/ota.fi
sperr_platz	lock_space	global	./kernel/wm.fi
sperre_schreiben	lock_write	global	./kernel/user/settings.fi
sperren_zeigen	locks_show	global	./kernel/user/ota.fi
spur_maus	trace_mouse	global	./kernel/hidin.fi
spur_sagen	trace_say	global	./kernel/arch/x86_64/trap.fi
spur_taste	trace_key	global	./kernel/hidin.fi
sse_zwei	sse_two	global	./kernel/user/fas.fi
stand_lesen	state_read	global	./kernel/user/settings.fi
stand_zeile	state_line	global	./kernel/grafik.fi
stille_pruefen	silence_check	global	./kernel/usb.fi
store_pfad	store_path	global	./kernel/user/opk.fi
store_schreiben	store_write	global	./kernel/user/opk.fi
streu_datei	hash_file	global	./kernel/user/ota.fi
strich_breite	stroke_width	global	./kernel/vektor.fi
strich_ecke	stroke_corner	global	./kernel/vektor.fi
strich_ende	stroke_end	global	./kernel/vektor.fi
strom_ende	stream_end	global	./kernel/user/flate.fi
stufe_der_zeile	level_the_line	global	./kernel/user/log.fi
stufe_hell	level_bright	global	./kernel/user/settings.fi
stufe_zahl	level_num	global	./kernel/kgui.fi
suche_baum	search_tree	global	./kernel/user/locate.fi
summe	sum	global	./kernel/user/korb.fi
sym_wert	sym_value	global	./kernel/modul.fi
symbol_fuer	icon_for	file	./kernel/user/explorer.fi;./kernel/user/expmodell.fi
symbol_load	icon_load	global	./kernel/user/appdir.fi
symbol_of	sym_of	global	./kernel/user/appdir.fi
sync_feld	sync_field	global	./kernel/user/settings.fi
sync_lesen	sync_read	global	./kernel/user/settings.fi
syscalls_summe	syscalls_sum	global	./kernel/sched.fi
t_nach_k	t_to_k	global	./kernel/user/rechner.fi
tab_breite	tab_width	global	./kernel/user/wlib.fi
tab_summe	tab_sum	global	./kernel/user/wlib.fi
tabelle_bauen	table_build	file	./kernel/user/expmodell.fi;./kernel/user/papierkorb.fi
tabelle_ptr	table_ptr	global	./kernel/user/expmodell.fi
table_ein	table_in	global	./kernel/user/wlib.fi
tafel_anders	board_changed	global	./kernel/kgui.fi
tafel_aus	board_clear	global	./kernel/ttf.fi
tafel_merken	board_remember	global	./kernel/kgui.fi
tafel_merken_alt	board_remember_old	global	./kernel/kgui.fi
tafel_setzen	board_set	file	./kernel/app/anbieter.fi;./lib/wlan/geraet.fi
tafel_zeile_sagen	board_line_say	global	./kernel/kgui.fi
tage_im_monat	days_in_month	file	./kernel/user/ls.fi;./kernel/user/taskbar.fi
taste_block	key_block	global	./kernel/user/explorer.fi
taste_verarbeiten	key_handle	global	./kernel/user/wlib.fi
tasten_melden	keys_report	global	./kernel/hidin.fi
tasten_und_maus	keys_and_mouse	global	./kernel/hidin.fi
teil_katalog	part_catalog	global	./kernel/user/i18nt.fi
teil_kbd	part_kbd	global	./kernel/user/i18nt.fi
teil_utf8	part_utf8	global	./kernel/user/i18nt.fi
teiler	divisor	global	./kernel/hidin.fi
text_lesen	text_read	file	./kernel/user/sync.fi;./kernel/user/tresor.fi
text_schreiben	text_write	file	./kernel/user/sync.fi;./kernel/user/tresor.fi
thema_neu	theme_new	file	./kernel/user/fuib.fi;./kernel/user/qs.fi
theme_conf_schreiben	theme_conf_write	global	./kernel/user/settings.fi
tip_auf	tip_open	global	./kernel/user/taskbar.fi
tip_offen	tip_open_is	global	./kernel/user/taskbar.fi
tip_zu	tip_close	global	./kernel/user/taskbar.fi
titel_alt	title_old	global	./kernel/wm.fi
titel_beschnitten	title_clipped	global	./kernel/wm.fi
titel_fehlt	title_missing	global	./kernel/wm.fi
tmp_pfad	tmp_path	global	./kernel/user/ota.fi
tote_zahl	dead_num	global	./kernel/arch/x86_64/trap.fi
traeger_lesen	carrier_read	global	./kernel/user/exporte.fi
traeger_zahl	carrier_num	global	./kernel/user/exporte.fi
tu_pruefen	do_check	global	./kernel/app/anbieter.fi
tue_aus	do_off	global	./kernel/user/jsig.fi
tue_befehl	do_cmd	file	./kernel/app/jarvisd.fi;./kernel/user/fas.fi
tue_eingabe	do_input	global	./kernel/user/jarvisctl.fi
tue_liste	do_list	global	./kernel/app/jarvisd.fi
tue_zeile	do_line	global	./kernel/user/fas.fi
tut_datei	does_file	global	./kernel/user/fsrlim.fi
tut_gross	does_big	global	./kernel/user/fsrlim.fi
tut_weit	does_wide	global	./kernel/user/fsrlim.fi
typ_lesen	type_read	global	./kernel/app/wasm.fi
u8_lesen	u8_read	global	./kernel/app/wasm.fi
u_caps_weiter	u_caps_next	global	./kernel/uprog.fi
u_fuzz_rand	u_fuzz_margin	global	./kernel/uprog.fi
u_fuzz_wert	u_fuzz_value	global	./kernel/uprog.fi
u_handle_falsch	u_handle_wrong	global	./kernel/uprog.fi
u_liste	u_list	global	./kernel/user/rechner.fi
u_rechnen	u_compute	global	./kernel/user/rechner.fi
u_sagen	u_say	global	./kernel/user/lock.fi
ub_zeile	ub_line	global	./kernel/kgui.fi
ueber_leer	over_empty	global	./lib/libc/dns.fi
ueber_tls	over_tls	global	./kernel/app/knetz.fi
umbenennen_tun	rename_do	global	./kernel/user/explorer.fi
undo_zahl	undo_num	global	./kernel/user/expakt.fi
union_flaeche	union_area	global	./kernel/user/wlib.fi
unter_uns	private	global	./kernel/user/speicher.fi
unteres_stueck	lower_chunk	global	./kernel/arch/x86_64/trap.fi
v_kante	v_edge	global	./kernel/user/wlibc.fi
v_kreuz_add	v_cross_add	global	./kernel/user/wlibc.fi
v_linie	v_line	global	./kernel/user/wlibc.fi
v_nach	v_move_to	global	./kernel/user/wlibc.fi
v_neu	v_new	global	./kernel/user/wlibc.fi
v_punkt	v_point	global	./kernel/user/wlibc.fi
v_zu	v_close_path	global	./kernel/user/wlibc.fi
verlauf_aus	gradient_off	global	./kernel/vektor.fi
verlauf_farbe	gradient_color	global	./kernel/vektor.fi
verzeichnis	dir	global	./kernel/app/ksiegel.fi
verzeichnis_holen	dir_get	global	./kernel/user/ota.fi
vieleck_rund	polygon_round	global	./kernel/vektor.fi
vier_hex	four_hex	global	./kernel/app/kjson.fi
vier_zahlen	four_nums	global	./kernel/app/knetz.fi
vm_fehler	vm_error	global	./kernel/sys.fi
voll	full	global	./kernel/user/viewer.fi
voll_von	full_from	global	./kernel/user/explorer.fi
vor	before	global	./kernel/user/taskmgr.fi
vor_step	before_step	global	./kernel/wm.fi
vor_t0	before_t0	global	./kernel/wm.fi
vor_win	before_win	global	./kernel/wm.fi
vorlage_kon_zeigen	template_con_show	global	./kernel/user/settings.fi
vorlagen_lesen	templates_read	global	./kernel/user/settings.fi
wahr	is_true	global	./kernel/app/kjson.fi
warnung	warning	global	./kernel/user/sync.fi
warte_platz	wait_space	global	./kernel/i2chid.fi
weg	remove	file	./kernel/user/opk.fi;./kernel/user/ota.fi
weg_daten	gone_data	global	./kernel/blk.fi
weg_zeile	gone_line	global	./kernel/grafik.fi
weite	width	global	./kernel/zeiger.fi
wer_bin_ich	whoami	global	./kernel/user/lock.fi
wert_von	value_from	global	./kernel/user/korb.fi
wie_code	how_code	global	./kernel/arch/x86_64/trap.fi
wieder_da	again_present	global	./kernel/user/snip.fi
wieder_hin	again_to	global	./kernel/vmode.fi
wiedereinspiel_pruefen	replay_check	global	./lib/wlan/ccmp.fi
will_halten	wants_hold	global	./kernel/r3dtest.fi
wort	word	file	./kernel/app/kjson.fi;./kernel/hidtest.fi;./kernel/user/k17.fi
wort_anfang	word_begin	global	./kernel/app/konto.fi
wort_drin	word_in	global	./kernel/app/knetz.fi
wort_ende	word_end	file	./kernel/app/konto.fi;./kernel/user/fas.fi
wort_gleich	word_eq	global	./lib/libc/dns.fi
wort_ist	word_is	global	./kernel/user/kbund.fi
wort_senden	word_send	global	./kernel/app/jarvisd.fi
wurzel	root	global	./kernel/vektor.fi
wurzel_fx	root_fx	global	./kernel/r3dsoft.fi
wurzel_lesen	root_read	global	./kernel/user/sync.fi
wurzel_mac	root_mac	global	./kernel/user/sync.fi
wurzel_schreiben	root_write	global	./kernel/user/sync.fi
wurzel_von	root_from	global	./kernel/user/korb.fi
z_ende	z_end	global	./kernel/user/taskmgr.fi
z_neu	z_new	global	./kernel/user/taskmgr.fi
zaehler	counter	file	./kernel/ftype.fi;./kernel/ofsj.fi;./kernel/user/mut.fi
zaehler_empfangen	counter_recv	global	./lib/wlan/geraet.fi
zaehler_gesendet	counter_sent	global	./lib/wlan/geraet.fi
zaehler_lesen	counter_read	global	./kernel/user/sync.fi
zaehler_schreiben	counter_write	global	./kernel/user/sync.fi
zaehler_verworfen	counter_dropped	global	./lib/wlan/geraet.fi
zahl	num	file	./kernel/app/knetz.fi;./kernel/user/firun.fi;./kernel/user/power.fi
zahl_an	num_at	file	./kernel/user/dhcp.fi;./kernel/user/expakt.fi;./kernel/user/opk.fi;./kernel/user/ota.fi;./kernel/user/settings.fi;./kernel/user/snip.fi;./kernel/user/viewer.fi;./lib/libc/dns.fi
zahl_aus	num_out	global	./kernel/app/wasm.fi
zahl_bei	num_at	global	./kernel/fb.fi
zahl_hinter	num_after	global	./kernel/fb.fi
zahl_lesen	num_read	global	./kernel/user/dispctl.fi
zahl_oder_strich	num_or_stroke	global	./kernel/user/tiling.fi
zahl_op	num_op	global	./kernel/app/wasm.fi
zahl_senden	num_send	global	./kernel/kbd.fi
zahl_von	num_from	file	./kernel/app/jarvisd.fi;./kernel/user/fas.fi;./kernel/user/settings.fi
zahl_zeile	num_line	global	./kernel/user/dispctl.fi
zeichen	char	global	./kernel/app/kjson.fi
zeig_zeile	show_line	global	./kernel/user/jarvisctl.fi
zeige_ort	show_place	global	./kernel/user/explorer.fi
zeigen	show	file	./kernel/hidin.fi;./kernel/user/absturz.fi;./kernel/user/praesenz.fi;./kernel/user/proxy.fi;./kernel/user/snip.fi;./kernel/user/viewer.fi;./kernel/user/vpn.fi
zeiger	cursor	file	./kernel/user/dnswt.fi;./kernel/user/fsck.fi
zeile	line	file	./kernel/app/konto.fi;./kernel/user/dispctl.fi;./kernel/user/install.fi;./kernel/user/log.fi
zeile_ab	line_from	global	./kernel/user/ota.fi
zeile_an	line_at	file	./kernel/serial.fi;./kernel/user/opk.fi
zeile_aus	line_clear	file	./kernel/serial.fi;./kernel/user/absturz.fi;./kernel/user/krach.fi;./kernel/user/log.fi
zeile_bauen	line_build	global	./kernel/app/kspeicher.fi
zeile_beginnt	line_begins	global	./kernel/user/settings.fi
zeile_c	line_c	global	./kernel/app/konto.fi
zeile_hex	line_hex	global	./kernel/user/kbund.fi
zeile_holen	line_get	file	./kernel/app/kspeicher.fi;./kernel/user/sync.fi
zeile_messung	line_measure	global	./kernel/r3dtest.fi
zeile_n	line_n	global	./kernel/app/konto.fi
zeile_suchen	line_find	global	./kernel/user/sync.fi
zeile_text	line_text	global	./kernel/user/kbund.fi
zeile_txt	line_txt	global	./kernel/user/expdlg.fi
zeile_verloren	line_lost	global	./kernel/serial.fi
zeile_von	line_from	global	./kernel/app/kmsg.fi
zeile_wert	line_value	file	./kernel/app/anb_eigen.fi;./kernel/app/kspeicher.fi
zeile_zahl	line_num	file	./kernel/app/jarvisd.fi;./kernel/user/expdlg.fi
zeile_zeigen	line_show	global	./kernel/user/ota.fi
zeile_zeit	line_time	global	./kernel/user/expdlg.fi
zeilen	lines	global	./kernel/app/kspeicher.fi
zeilen_gleich	lines_eq	global	./kernel/user/sync.fi
zeilen_hoehe	lines_height	global	./kernel/user/wlib.fi
zeilen_melden	lines_report	global	./kernel/user/speicher.fi
zeit_der_zeile	time_the_line	global	./kernel/user/log.fi
zeit_feld	time_field	global	./kernel/uio.fi
zeit_lade	time_load	global	./kernel/user/expmodell.fi
zeit_ms	time_ms	global	./kernel/user/fsrlim.fi
zeit_offset	time_offset	global	./kernel/user/expmodell.fi
zeit_ok	time_ok	global	./kernel/user/find.fi
zeit_text	time_text	file	./kernel/user/expmodell.fi;./kernel/user/korb.fi
zeit_von	time_from	file	./kernel/user/korb.fi;./kernel/user/sync.fi
ziel_aus	target_from	file	./kernel/app/anb_eigen.fi;./kernel/app/anb_jarvis.fi;./kernel/app/anb_xoffi.fi
ziel_lesen	target_read	global	./kernel/app/knetz.fi
ziel_neu	target_new	global	./kernel/app/knetz.fi
ziel_of	target_of	global	./kernel/user/init.fi
zu	close_path	global	./kernel/vektor.fi
zu_frequenz	to_freq	global	./lib/wlan/kanal.fi
zu_zahl	to_num	file	./kernel/app/anb_eigen.fi;./kernel/app/kspeicher.fi
zugang_neu	access_new	global	./kernel/app/anbieter.fi
zumach_sagen	close_say	global	./kernel/kgui.fi
zuordnung_zeile	mapping_line	global	./kernel/grafik.fi
zurueck	back	global	./kernel/user/korb.fi
zusammen	together	global	./kernel/user/korb.fi
zustand_setzen	state_set	global	./kernel/user/fuib.fi
zwei	two	file	./kernel/app/jarvisd.fi;./kernel/user/expmodell.fi;./kernel/user/korb.fi;./kernel/user/ls.fi
zwei_an	two_on	global	./kernel/user/settings.fi
